-- Categorias
INSERT INTO categoria (nome, descricao, num_estante) VALUES
('Autoajuda',           'Livros com dicas e reflexões para crescimento pessoal e bem-estar.',                                1),
('Biografia',           'Relatos sobre a vida de pessoas reais, famosas ou inspiradoras.',                                   2),
('Clássico',            'Obras consagradas pela crítica e pelo tempo, influentes na literatura.',                            3),
('Distopia',            'Narrativas sobre sociedades futuristas ou alternativas com cenários opressivos.',                   4),
('Drama',               'Histórias emocionantes, focadas em conflitos humanos e relações intensas.',                         5),
('Espiritualidade',     'Livros sobre fé, meditação, filosofia espiritual e autoconhecimento.',                              6),
('Existencialismo',     'Obras que exploram questões filosóficas sobre a existência e o sentido da vida.',                   7),
('Fantasia',            'Histórias com elementos mágicos, mundos fictícios e seres sobrenaturais.',                          8),
('Filosofia',           'Reflexões sobre temas fundamentais da existência, ética e conhecimento.',                           9),
('Histórico',           'Narrativas ambientadas em períodos específicos da história, muitas vezes baseadas em fatos reais.', 10),
('Literatura Bras.',    'Obras escritas por autores brasileiros, abordando temas culturais e sociais do país.',              11),
('Literatura Infantil', 'Livros voltados para crianças, com linguagem acessível e mensagens educativas.',                    12),
('Mistério',            'Histórias de investigação, segredos e enigmas a serem desvendados.',                                13),
('Política',            'Livros que analisam sistemas políticos, governos e ideologias.',                                    14),
('Romance',             'Narrativas focadas em relações amorosas e emocionais.',                                             15),
('Romance Juvenil',     'Histórias voltadas para o público jovem, com temas de amadurecimento e descoberta.',                16),
('Suspense',            'Enredos tensos e envolventes, muitas vezes com crimes ou reviravoltas inesperadas.',                17),
('Ficção Científica',   'Histórias sobre tecnologia, espaço, futuro e avanços científicos.',                                 18),
('Horror',              'Narrativas voltadas para o medo, o sobrenatural e o terror psicológico.',                           19),
('Poesia',              'Obras escritas em verso, explorando emoções, imagens e ritmos.',                                    20);

-- Livros
INSERT INTO livro (isbn, titulo, autor, editora, ano_publicacao, id_categoria) VALUES
('978853590277',  'O Senhor dos Anéis',                    'J.R.R. Tolkien',           'HarperCollins',          1954, (SELECT id_categoria FROM categoria WHERE nome = 'Fantasia')),
('978857122153',  'Dom Casmurro',                          'Machado de Assis',         'Nova Fronteira',         1899, (SELECT id_categoria FROM categoria WHERE nome = 'Literatura Bras.')),
('978852000806',  'O Primo Basílio',                       'José de Alencar',          'Editora Hagnos',         1878, (SELECT id_categoria FROM categoria WHERE nome = 'Romance')),
('978857619786',  'A Revolução dos Bichos',                'George Orwell',            'Companhia das Letras',   1945, (SELECT id_categoria FROM categoria WHERE nome = 'Política')),
('9788571012556', 'A Metamorfose',                         'Franz Kafka',              'L&PM Pocket',            1915, (SELECT id_categoria FROM categoria WHERE nome = 'Existencialismo')),
('978853650320',  'O Pequeno Príncipe',                    'Antoine de Saint-Exupéry', 'Record',                 1943, (SELECT id_categoria FROM categoria WHERE nome = 'Literatura Infantil')),
('978854223851',  'A Culpa é das Estrelas',                'John Green',               'Intrínseca',             2012, (SELECT id_categoria FROM categoria WHERE nome = 'Romance Juvenil')),
('978852540895',  'O Código Da Vinci',                     'Dan Brown',                'Sextante',               2003, (SELECT id_categoria FROM categoria WHERE nome = 'Mistério')),
('978852780501',  'As Crônicas de Nárnia',                 'C.S. Lewis',               'Martins Fontes',         1950, (SELECT id_categoria FROM categoria WHERE nome = 'Fantasia')),
('978855320042',  'A Guerra dos Tronos',                   'George R.R. Martin',       'Leya Brasil',            1996, (SELECT id_categoria FROM categoria WHERE nome = 'Fantasia')),
('9788578130002', 'O Morro dos Ventos Uivantes',           'Emily Brontë',             'L&PM Pocket',            1847, (SELECT id_categoria FROM categoria WHERE nome = 'Romance')),
('978857020459',  'Grande Sertão: Veredas',                'João Guimarães Rosa',      'Editora Nova Fronteira', 1956, (SELECT id_categoria FROM categoria WHERE nome = 'Literatura Bras.')),
('9788574621097', 'O Hobbit',                              'J.R.R. Tolkien',           'HarperCollins',          1937, (SELECT id_categoria FROM categoria WHERE nome = 'Fantasia')),
('978853642462',  'Crime e Castigo',                       'Fyodor Dostoiévski',       'Editora 34',             1866, (SELECT id_categoria FROM categoria WHERE nome = 'Filosofia')),
('978854860515',  'O Sol é Para Todos',                    'Harper Lee',               'Editora José Olímpio',   1960, (SELECT id_categoria FROM categoria WHERE nome = 'Drama')),
('978852041007',  'Moby Dick',                             'Herman Melville',          'Companhia das Letras',   1851, (SELECT id_categoria FROM categoria WHERE nome = 'Clássico')),
('978852000724',  'A Hora da Estrela',                     'Clarice Lispector',        'Editora Rocco',          1977, (SELECT id_categoria FROM categoria WHERE nome = 'Literatura Bras.')),
('9788575414589', 'O Alquimista',                          'Paulo Coelho',             'Rocco',                  1988, (SELECT id_categoria FROM categoria WHERE nome = 'Filosofia')),
('978852571023',  'A Moreninha',                           'Joaquim Manuel de Macedo', 'Editora Ática',          1844, (SELECT id_categoria FROM categoria WHERE nome = 'Romance')),
('978857127022',  'O Enfermeiro',                          'Alex Michaelides',         'Intrínseca',             2019, (SELECT id_categoria FROM categoria WHERE nome = 'Suspense')),
('978852294282',  'O Melhor de Mim',                       'Nicholas Sparks',          'Novo Conceito',          2011, (SELECT id_categoria FROM categoria WHERE nome = 'Romance')),
('9788570395882', 'O Vendedor de Sonhos',                  'Augusto Cury',             'Planeta',                2008, (SELECT id_categoria FROM categoria WHERE nome = 'Autoajuda')),
('9788573102700', 'O Leão, a Feiticeira e o Guarda-Roupa', 'C.S. Lewis',               'Martins Fontes',         1950, (SELECT id_categoria FROM categoria WHERE nome = 'Fantasia')),
('978854240050',  'O Homem de Giz',                        'C.J. Tudor',               'Record',                 2018, (SELECT id_categoria FROM categoria WHERE nome = 'Suspense')),
('978853950071',  'O Segredo',                             'Rhonda Byrne',             'Sextante',               2006, (SELECT id_categoria FROM categoria WHERE nome = 'Autoajuda')),
('9788578542044', 'A Última Música',                       'Nicholas Sparks',          'Novo Conceito',          2009, (SELECT id_categoria FROM categoria WHERE nome = 'Romance')),
('9788575907236', 'A Morte de Ivan Ilych',                 'Leo Tolstoy',              'L&PM Pocket',            1886, (SELECT id_categoria FROM categoria WHERE nome = 'Filosofia')),
('978852033016',  'Anna Karenina',                         'Lev Tolstói',              'Editora 34',             1877, (SELECT id_categoria FROM categoria WHERE nome = 'Romance')),
('978852762630',  'A Casa dos Espíritos',                  'Isabel Allende',           'Rocco',                  1982, (SELECT id_categoria FROM categoria WHERE nome = 'Romance')),
('978852763350',  'O Inferno de Gabriel',                  'Sylvain Reynard',          'Arqueiro',               2012, (SELECT id_categoria FROM categoria WHERE nome = 'Romance')),
('9788565753030', 'A Sombra do Vento',                     'Carlos Ruiz Zafón',        'Suma de Letras',         2001, (SELECT id_categoria FROM categoria WHERE nome = 'Suspense')),
('978854530299',  'O Poder do Agora',                      'Eckhart Tolle',            'BestSeller',             1997, (SELECT id_categoria FROM categoria WHERE nome = 'Espiritualidade')),
('978854131695',  'O Diário de Anne Frank',                'Anne Frank',               'Record',                 1947, (SELECT id_categoria FROM categoria WHERE nome = 'Biografia')),
('978857660752',  'Como Eu Era Antes de Você',             'Jojo Moyes',               'Intrínseca',             2012, (SELECT id_categoria FROM categoria WHERE nome = 'Romance')),
('9788571821269', 'O Menino do Pijama Listrado',           'John Boyne',               'Leya',                   2006, (SELECT id_categoria FROM categoria WHERE nome = 'Drama')),
('978854313316',  'A Vida Secreta das Abelhas',            'Sue Monk Kidd',            'Rocco',                  2002, (SELECT id_categoria FROM categoria WHERE nome = 'Drama')),
('978855120075',  'A Lição Final',                         'Mitch Albom',              'Novo Conceito',          2003, (SELECT id_categoria FROM categoria WHERE nome = 'Filosofia')),
('978854240598',  'A Arte da Felicidade',                  'Dalai Lama',               'Record',                 2003, (SELECT id_categoria FROM categoria WHERE nome = 'Espiritualidade')),
('978852540739',  'O Físico',                              'Noah Gordon',              'Record',                 1999, (SELECT id_categoria FROM categoria WHERE nome = 'Histórico')),
('978853090421',  'O Filho de Netuno',                     'Rick Riordan',             'Intrínseca',             2011, (SELECT id_categoria FROM categoria WHERE nome = 'Fantasia'));

-- Clientes
INSERT INTO cliente (cpf, nome, endereco, email, telefone) VALUES
('11111111111', 'Ana Souza',       'Rua das Flores, 123',      'ana.souza@email.com',       '(11) 91111-1111'),
('22222222222', 'Carlos Pereira',  'Av. Brasil, 456',          'carlos.pereira@email.com',  '(11) 92222-2222'),
('33333333333', 'Mariana Silva',   'Rua Azul, 789',            'mariana.silva@email.com',   '(11) 93333-3333'),
('44444444444', 'Rafael Santos',   'Travessa Verde, 101',      'rafael.santos@email.com',   '(11) 94444-4444'),
('55555555555', 'Fernanda Lima',   'Alameda Rosa, 202',        'fernanda.lima@email.com',   '(11) 95555-5555'),
('66666666666', 'João Oliveira',   'Rua Central, 303',         'joao.oliveira@email.com',   '(11) 96666-6666'),
('77777777777', 'Beatriz Costa',   'Av. Paulista, 404',        'beatriz.costa@email.com',   '(11) 97777-7777'),
('88888888888', 'Lucas Almeida',   'Rua Norte, 505',           'lucas.almeida@email.com',   '(11) 98888-8888'),
('99999999999', 'Juliana Mendes',  'Rua Sul, 606',             'juliana.mendes@email.com',  '(11) 99999-9999'),
('10101010101', 'Gustavo Rocha',   'Av. Oceano, 707',          'gustavo.rocha@email.com',   '(11) 91010-1010'),
('11122233344', 'Paula Ferreira',  'Rua Estrela, 808',         'paula.ferreira@email.com',  '(11) 91234-5678'),
('22233344455', 'Thiago Martins',  'Av. Liberdade, 909',       'thiago.martins@email.com',  '(11) 92345-6789'),
('33344455566', 'Camila Barbosa',  'Rua Esperança, 111',       'camila.barbosa@email.com',  '(11) 93456-7890'),
('44455566677', 'Felipe Andrade',  'Travessa Alegre, 222',     'felipe.andrade@email.com',  '(11) 94567-8901'),
('55566677788', 'Renata Nunes',    'Av. Principal, 333',       'renata.nunes@email.com',    '(11) 95678-9012'),
('66677788899', 'Rodrigo Fonseca', 'Rua Secundária, 444',      'rodrigo.fonseca@email.com', '(11) 96789-0123'),
('77788899900', 'Larissa Duarte',  'Alameda das Árvores, 555', 'larissa.duarte@email.com',  '(11) 97890-1234'),
('88899900011', 'Eduardo Ramos',   'Av. das Pedras, 666',      'eduardo.ramos@email.com',   '(11) 98901-2345'),
('99900011122', 'Tatiane Vieira',  'Rua Pequena, 777',         'tatiane.vieira@email.com',  '(11) 99012-3456'),
('00011122233', 'Bruno Sales',     'Travessa Grande, 888',     'bruno.sales@email.com',     '(11) 90123-4567');

-- Bibliotecarios
INSERT INTO bibliotecario (nome, endereco, email, telefone) VALUES
('Alice Ferreira',   'Rua das Palmeiras, 123',   'alice.ferreira@email.com',   '(11) 91111-1111'),
('Bruno Oliveira',   'Av. Central, 456',         'bruno.oliveira@email.com',   '(11) 92222-2222'),
('Camila Souza',     'Travessa Leste, 789',      'camila.souza@email.com',     '(11) 93333-3333'),
('Daniel Rocha',     'Rua Azul, 101',            'daniel.rocha@email.com',     '(11) 94444-4444'),
('Eduarda Martins',  'Alameda Rosa, 202',        'eduarda.martins@email.com',  '(11) 95555-5555'),
('Fernando Lima',    'Rua Norte, 303',           'fernando.lima@email.com',    '(11) 96666-6666'),
('Gabriela Santos',  'Av. Paulista, 404',        'gabriela.santos@email.com',  '(11) 97777-7777'),
('Henrique Almeida', 'Rua das Flores, 505',      'henrique.almeida@email.com', '(11) 98888-8888'),
('Isabela Nunes',    'Rua Secundária, 606',      'isabela.nunes@email.com',    '(11) 99999-9999'),
('Jorge Mendes',     'Av. Oceano, 707',          'jorge.mendes@email.com',     '(11) 91010-1010'),
('Karina Barbosa',   'Rua Estrela, 808',         'karina.barbosa@email.com',   '(11) 91234-5678'),
('Lucas Fernandes',  'Av. Liberdade, 909',       'lucas.fernandes@email.com',  '(11) 92345-6789'),
('Mariana Costa',    'Rua Esperança, 111',       'mariana.costa@email.com',    '(11) 93456-7890'),
('Nathan Pereira',   'Travessa Alegre, 222',     'nathan.pereira@email.com',   '(11) 94567-8901'),
('Olivia Fonseca',   'Av. Principal, 333',       'olivia.fonseca@email.com',   '(11) 95678-9012'),
('Pedro Duarte',     'Rua Secundária, 444',      'pedro.duarte@email.com',     '(11) 96789-0123'),
('Quezia Ramos',     'Alameda das Árvores, 555', 'quezia.ramos@email.com',     '(11) 97890-1234'),
('Ricardo Vieira',   'Av. das Pedras, 666',      'ricardo.vieira@email.com',   '(11) 98901-2345'),
('Sabrina Sales',    'Rua Pequena, 777',         'sabrina.sales@email.com',    '(11) 99012-3456'),
('Thiago Almeida',   'Travessa Grande, 888',     'thiago.almeida@email.com',   '(11) 90123-4567');

-- Empréstimos
INSERT INTO emprestimo (id_emprestimo, num_dias, data_reserva, data_saida, data_entrada, valor_multa, id_cliente, id_bibliotecario) VALUES
(1,  7,  NULL,                  '2025-02-01 10:00:00', '2025-02-09 10:00:00', 1,    (SELECT cpf FROM cliente WHERE nome = 'Ana Souza'),      1),
(2,  10, '2025-01-31 11:00:00', '2025-02-02 14:30:00', '2025-02-10 14:30:00', 0,    (SELECT cpf FROM cliente WHERE nome = 'Carlos Pereira'), 2),
(3,  5,  '2025-02-01 16:45:00', '2025-02-03 09:15:00', '2025-02-08 09:15:00', 0,    (SELECT cpf FROM cliente WHERE nome = 'Mariana Silva'),  1),
(4,  14, NULL,                  '2025-02-04 16:45:00', NULL,                  NULL, (SELECT cpf FROM cliente WHERE nome = 'Rafael Santos'),  2),
(5,  7,  '2025-02-03 14:00:00', '2025-02-04 11:00:00', '2025-02-18 11:00:00', 7,    (SELECT cpf FROM cliente WHERE nome = 'Carlos Pereira'), 1),
(6,  7,  '2025-02-06 09:00:00', NULL,                  NULL,                  NULL, (SELECT cpf FROM cliente WHERE nome = 'João Oliveira'),  2),
(7,  14, '2025-02-05 17:00:00', '2025-02-07 13:00:00', NULL,                  NULL, (SELECT cpf FROM cliente WHERE nome = 'Ana Souza'),      2),
(8,  5,  '2025-02-06 16:00:00', '2025-02-08 10:30:00', '2025-02-08 16:25:00', 0,    (SELECT cpf FROM cliente WHERE nome = 'Rafael Santos'),  1),
(9,  1,  NULL,                  '2025-02-09 15:45:00', '2025-02-10 15:45:00', 0,    (SELECT cpf FROM cliente WHERE nome = 'Juliana Mendes'), 2),
(10, 7,  NULL,                  '2025-02-10 08:20:00', NULL,                  NULL, (SELECT cpf FROM cliente WHERE nome = 'Gustavo Rocha'),  1),
(11, 5,  '2025-02-09 10:30:00', '2025-02-11 12:00:00', NULL,                  NULL, (SELECT cpf FROM cliente WHERE nome = 'Ana Souza'),      1),
(12, 10, '2025-02-10 09:15:00', NULL,                  NULL,                  NULL, (SELECT cpf FROM cliente WHERE nome = 'Rafael Santos'),  1),
(13, 1,  NULL,                  '2025-02-10 15:00:00', '2025-02-12 17:30:00', 0,    (SELECT cpf FROM cliente WHERE nome = 'Carlos Pereira'), 2),
(14, 14, '2025-02-11 12:30:00', '2025-02-13 14:45:00', NULL,                  NULL, (SELECT cpf FROM cliente WHERE nome = 'Mariana Silva'),  2),
(15, 5,  '2025-02-12 08:45:00', '2025-02-14 09:10:00', '2025-03-19 09:10:00', 29,   (SELECT cpf FROM cliente WHERE nome = 'Ana Souza'),      1),
(16, 10, '2025-02-13 16:20:00', NULL,                  NULL,                  NULL, (SELECT cpf FROM cliente WHERE nome = 'Carlos Pereira'), 2),
(17, 7,  NULL,                  '2025-02-14 11:50:00', NULL,                  NULL, (SELECT cpf FROM cliente WHERE nome = 'Mariana Silva'),  1),
(18, 10, '2025-02-13 11:10:00', '2025-02-15 15:25:00', '2025-02-25 15:25:00', 0,    (SELECT cpf FROM cliente WHERE nome = 'Ana Souza'),      2),
(19, 7,  '2025-02-14 14:50:00', NULL,                  NULL,                  NULL, (SELECT cpf FROM cliente WHERE nome = 'Rafael Santos'),  2),
(20, 5,  '2025-02-13 08:30:00', '2025-02-15 10:00:00', '2025-02-24 10:00:00', 4,    (SELECT cpf FROM cliente WHERE nome = 'Mariana Silva'),  1);

-- Livros emprestados
INSERT INTO livro_emprestimo (id_emprestimo, id_livro) VALUES
(1,  (SELECT isbn FROM livro WHERE titulo = 'O Diário de Anne Frank')),
(2,  (SELECT isbn FROM livro WHERE titulo = 'O Pequeno Príncipe')),
(2,  (SELECT isbn FROM livro WHERE titulo = 'O Menino do Pijama Listrado')),
(3,  (SELECT isbn FROM livro WHERE titulo = 'Moby Dick')),
(4,  (SELECT isbn FROM livro WHERE titulo = 'O Físico')),
(4,  (SELECT isbn FROM livro WHERE titulo = 'O Senhor dos Anéis')),
(4,  (SELECT isbn FROM livro WHERE titulo = 'O Pequeno Príncipe')),
(5,  (SELECT isbn FROM livro WHERE titulo = 'O Alquimista')),
(5,  (SELECT isbn FROM livro WHERE titulo = 'O Homem de Giz')),
(6,  (SELECT isbn FROM livro WHERE titulo = 'A Vida Secreta das Abelhas')),
(6,  (SELECT isbn FROM livro WHERE titulo = 'O Leão, a Feiticeira e o Guarda-Roupa')),
(6,  (SELECT isbn FROM livro WHERE titulo = 'O Diário de Anne Frank')),
(6,  (SELECT isbn FROM livro WHERE titulo = 'Moby Dick')),
(7,  (SELECT isbn FROM livro WHERE titulo = 'O Pequeno Príncipe')),
(8,  (SELECT isbn FROM livro WHERE titulo = 'A Sombra do Vento')),
(9,  (SELECT isbn FROM livro WHERE titulo = 'O Sol é Para Todos')),
(10, (SELECT isbn FROM livro WHERE titulo = 'O Vendedor de Sonhos')),
(10, (SELECT isbn FROM livro WHERE titulo = 'O Menino do Pijama Listrado')),
(11, (SELECT isbn FROM livro WHERE titulo = 'A Culpa é das Estrelas')),
(11, (SELECT isbn FROM livro WHERE titulo = 'O Filho de Netuno')),
(11, (SELECT isbn FROM livro WHERE titulo = 'O Senhor dos Anéis')),
(12, (SELECT isbn FROM livro WHERE titulo = 'A Vida Secreta das Abelhas')),
(13, (SELECT isbn FROM livro WHERE titulo = 'O Pequeno Príncipe')),
(14, (SELECT isbn FROM livro WHERE titulo = 'O Segredo')),
(14, (SELECT isbn FROM livro WHERE titulo = 'O Diário de Anne Frank')),
(15, (SELECT isbn FROM livro WHERE titulo = 'A Sombra do Vento')),
(15, (SELECT isbn FROM livro WHERE titulo = 'Como Eu Era Antes de Você')),
(15, (SELECT isbn FROM livro WHERE titulo = 'A Culpa é das Estrelas')),
(16, (SELECT isbn FROM livro WHERE titulo = 'O Enfermeiro')),
(17, (SELECT isbn FROM livro WHERE titulo = 'A Arte da Felicidade')),
(18, (SELECT isbn FROM livro WHERE titulo = 'O Pequeno Príncipe')),
(18, (SELECT isbn FROM livro WHERE titulo = 'O Diário de Anne Frank')),
(19, (SELECT isbn FROM livro WHERE titulo = 'A Lição Final')),
(20, (SELECT isbn FROM livro WHERE titulo = 'O Menino do Pijama Listrado'));
